{"cameraMode":{"drawMode":0,"name":"Shaded","section":"Shading Mode"},"sceneLighting":true,"audioPlay":false,"sceneViewState":{"m_AlwaysRefresh":false,"showFog":true,"showSkybox":true,"showFlares":true,"showImageEffects":true,"showParticleSystems":true,"showVisualEffectGraphs":true,"m_FxEnabled":true},"in2DMode":false,"pivot":{"x":3.842231273651123,"y":-5.796800136566162,"z":-0.5174813270568848},"rotation":{"x":-0.11865778267383576,"y":0.8604825735092163,"z":-0.43688952922821047,"w":-0.23370401561260224},"size":10.770132064819336,"orthographic":false}